Region,Minutes Saved,Ha Protected,tCO2 Avoided,Value €,Buildings
HIGH RISK (Mediterranean),10,24.972,258.21,262204.86,24
HIGH RISK (Mediterranean),15,35.117,363.11,368725.59,35
HIGH RISK (Mediterranean),20,43.701,451.87,458858.99,43
MODERATE RISK (Southern),10,8.516,88.05,53648.73,2
MODERATE RISK (Southern),15,12.525,129.51,78906.22,3
MODERATE RISK (Southern),20,24.875,257.21,156711.78,7
LOW RISK (Central/Eastern),10,8.516,88.05,53648.73,2
LOW RISK (Central/Eastern),15,12.525,129.51,78906.22,3
LOW RISK (Central/Eastern),20,24.875,257.21,156711.78,7
